{
    "loss": 0.26292115449905396,
    "accuracy": 0.9285714030265808
}